name,schema,description
e_0005.xml,schema-xml.csv,高雄市_府北段五小段
e_0029.xml,schema-xml.csv,高雄市_興仁段
e_0030.xml,schema-xml.csv,高雄市_興福段
e_0031.xml,schema-xml.csv,高雄市_興橋段
e_0032.xml,schema-xml.csv,高雄市_大東段
e_0033.xml,schema-xml.csv,高雄市_大勇段
e_0034.xml,schema-xml.csv,高雄市_大榮段
e_0035.xml,schema-xml.csv,高雄市_大成段
e_0036.xml,schema-xml.csv,高雄市_大智段
e_0037.xml,schema-xml.csv,高雄市_鹽新段
e_0038.xml,schema-xml.csv,高雄市_鹽國段
e_0039.xml,schema-xml.csv,高雄市_鹽中段
e_0040.xml,schema-xml.csv,高雄市_鹽府段
e_0041.xml,schema-xml.csv,高雄市_鹽壽段
e_0042.xml,schema-xml.csv,高雄市_鹽北段
e_0115.xml,schema-xml.csv,高雄市_壽山段
e_0120.xml,schema-xml.csv,高雄市_龍水段
e_0121.xml,schema-xml.csv,高雄市_內惟段一小段
e_0122.xml,schema-xml.csv,高雄市_內惟段二小段
e_0123.xml,schema-xml.csv,高雄市_內惟段三小段
e_0124.xml,schema-xml.csv,高雄市_內惟段四小段
e_0125.xml,schema-xml.csv,高雄市_內惟段五小段
e_0126.xml,schema-xml.csv,高雄市_內惟段六小段
e_0127.xml,schema-xml.csv,高雄市_內惟段七小段
e_0128.xml,schema-xml.csv,高雄市_內惟段八小段
e_0129.xml,schema-xml.csv,高雄市_龍華段一小段
e_0130.xml,schema-xml.csv,高雄市_龍華段二小段
e_0131.xml,schema-xml.csv,高雄市_龍華段三小段
e_0132.xml,schema-xml.csv,高雄市_龍華段四小段
e_0133.xml,schema-xml.csv,高雄市_鼓中段一小段
e_0134.xml,schema-xml.csv,高雄市_鼓中段二小段
e_0135.xml,schema-xml.csv,高雄市_鼓中段三小段
e_0136.xml,schema-xml.csv,高雄市_鼓中段四小段
e_0137.xml,schema-xml.csv,高雄市_鼓中段五小段
e_0138.xml,schema-xml.csv,高雄市_鼓南段一小段
e_0139.xml,schema-xml.csv,高雄市_鼓南段二小段
e_0140.xml,schema-xml.csv,高雄市_鼓南段三小段
e_0141.xml,schema-xml.csv,高雄市_鼓南段四小段
e_0146.xml,schema-xml.csv,高雄市_內惟段九小段
e_0147.xml,schema-xml.csv,高雄市_青海段
e_0148.xml,schema-xml.csv,高雄市_龍水段一小段
e_0149.xml,schema-xml.csv,高雄市_龍華段五小段
e_0151.xml,schema-xml.csv,高雄市_龍華段七小段
e_0152.xml,schema-xml.csv,高雄市_龍華段八小段
e_0154.xml,schema-xml.csv,高雄市_前峰段一小段
e_0156.xml,schema-xml.csv,高雄市_龍北段
e_0157.xml,schema-xml.csv,高雄市_龍南段
e_0158.xml,schema-xml.csv,高雄市_龍中段
e_0160.xml,schema-xml.csv,高雄市_前峰段
e_0161.xml,schema-xml.csv,高雄市_柴山段
e_0200.xml,schema-xml.csv,高雄市_菜公段一小段
e_0201.xml,schema-xml.csv,高雄市_菜公段二小段
e_0202.xml,schema-xml.csv,高雄市_菜公段三小段
e_0203.xml,schema-xml.csv,高雄市_菜公段四小段
e_0204.xml,schema-xml.csv,高雄市_菜公段五小段
e_0205.xml,schema-xml.csv,高雄市_新庄段一小段
e_0206.xml,schema-xml.csv,高雄市_新庄段二小段
e_0207.xml,schema-xml.csv,高雄市_新庄段三小段
e_0208.xml,schema-xml.csv,高雄市_新庄段四小段
e_0209.xml,schema-xml.csv,高雄市_新庄段五小段
e_0210.xml,schema-xml.csv,高雄市_新庄段六小段
e_0211.xml,schema-xml.csv,高雄市_新庄段七小段
e_0212.xml,schema-xml.csv,高雄市_左東段
e_0213.xml,schema-xml.csv,高雄市_左西段
e_0214.xml,schema-xml.csv,高雄市_左南段
e_0215.xml,schema-xml.csv,高雄市_左北段
e_0216.xml,schema-xml.csv,高雄市_後段
e_0217.xml,schema-xml.csv,高雄市_興隆段
e_0218.xml,schema-xml.csv,高雄市_果貿段
e_0220.xml,schema-xml.csv,高雄市_新庄段八小段
e_0226.xml,schema-xml.csv,高雄市_福民段
e_0227.xml,schema-xml.csv,高雄市_新民段
e_0228.xml,schema-xml.csv,高雄市_福山段
e_0229.xml,schema-xml.csv,高雄市_新光段
e_0237.xml,schema-xml.csv,高雄市_新福段八小段
e_0238.xml,schema-xml.csv,高雄市_新福段九小段
e_0239.xml,schema-xml.csv,高雄市_新福段十小段
e_0241.xml,schema-xml.csv,高雄市_菜公段六小段
e_0242.xml,schema-xml.csv,高雄市_新庄段九小段
e_0243.xml,schema-xml.csv,高雄市_新庄段十小段
e_0244.xml,schema-xml.csv,高雄市_新庄段十一小段
e_0245.xml,schema-xml.csv,高雄市_新庄段十二小段
e_0246.xml,schema-xml.csv,高雄市_新庄段十三小段
e_0249.xml,schema-xml.csv,高雄市_新夏段
e_0250.xml,schema-xml.csv,高雄市_新博段
e_0254.xml,schema-xml.csv,高雄市_左洲段
e_0257.xml,schema-xml.csv,高雄市_新順段
e_0259.xml,schema-xml.csv,高雄市_新華段
e_0262.xml,schema-xml.csv,高雄市_左屏段
e_0264.xml,schema-xml.csv,高雄市_新智段
e_0305.xml,schema-xml.csv,高雄市_後勁段一小段
e_0306.xml,schema-xml.csv,高雄市_後勁段二小段
e_0307.xml,schema-xml.csv,高雄市_後勁段三小段
e_0308.xml,schema-xml.csv,高雄市_後勁段四小段
e_0314.xml,schema-xml.csv,高雄市_和平段一小段
e_0315.xml,schema-xml.csv,高雄市_和平段二小段
e_0316.xml,schema-xml.csv,高雄市_高楠段
e_0317.xml,schema-xml.csv,高雄市_加昌段
e_0318.xml,schema-xml.csv,高雄市_莒光段一小段
e_0319.xml,schema-xml.csv,高雄市_莒光段二小段
e_0320.xml,schema-xml.csv,高雄市_莒光段三小段
e_0321.xml,schema-xml.csv,高雄市_藍昌段一小段
e_0322.xml,schema-xml.csv,高雄市_藍昌段二小段
e_0323.xml,schema-xml.csv,高雄市_藍昌段三小段
e_0324.xml,schema-xml.csv,高雄市_右昌段一小段
e_0325.xml,schema-xml.csv,高雄市_右昌段二小段
e_0326.xml,schema-xml.csv,高雄市_右昌段三小段
e_0327.xml,schema-xml.csv,高雄市_右昌段四小段
e_0328.xml,schema-xml.csv,高雄市_右昌段五小段
e_0329.xml,schema-xml.csv,高雄市_右昌段六小段
e_0330.xml,schema-xml.csv,高雄市_建華段
e_0332.xml,schema-xml.csv,高雄市_藍田段二小段
e_0334.xml,schema-xml.csv,高雄市_援中段
e_0335.xml,schema-xml.csv,高雄市_楠梓段一小段
e_0336.xml,schema-xml.csv,高雄市_楠梓段二小段
e_0337.xml,schema-xml.csv,高雄市_楠梓段三小段
e_0338.xml,schema-xml.csv,高雄市_楠梓段四小段
e_0339.xml,schema-xml.csv,高雄市_土庫段一小段
e_0340.xml,schema-xml.csv,高雄市_土庫段二小段
e_0341.xml,schema-xml.csv,高雄市_土庫段三小段
e_0342.xml,schema-xml.csv,高雄市_土庫段四小段
e_0343.xml,schema-xml.csv,高雄市_楠都段一小段
e_0344.xml,schema-xml.csv,高雄市_楠都段二小段
e_0345.xml,schema-xml.csv,高雄市_楠都段三小段
e_0346.xml,schema-xml.csv,高雄市_楠都段四小段
e_0347.xml,schema-xml.csv,高雄市_和平段三小段
e_0348.xml,schema-xml.csv,高雄市_和平段四小段
e_0349.xml,schema-xml.csv,高雄市_和平段五小段
e_0350.xml,schema-xml.csv,高雄市_德昌段
e_0351.xml,schema-xml.csv,高雄市_高昌段
e_0352.xml,schema-xml.csv,高雄市_清楠段
e_0353.xml,schema-xml.csv,高雄市_清豐段
e_0354.xml,schema-xml.csv,高雄市_楠園段
e_0355.xml,schema-xml.csv,高雄市_芎蕉段
e_0357.xml,schema-xml.csv,高雄市_加昌段一小段
e_0358.xml,schema-xml.csv,高雄市_加昌段二小段
e_0359.xml,schema-xml.csv,高雄市_莒光段四小段
e_0360.xml,schema-xml.csv,高雄市_右昌段七小段
e_0362.xml,schema-xml.csv,高雄市_藍田東段
e_0363.xml,schema-xml.csv,高雄市_藍田東段一小段
e_0364.xml,schema-xml.csv,高雄市_藍田東段二小段
e_0365.xml,schema-xml.csv,高雄市_藍田中段
e_0367.xml,schema-xml.csv,高雄市_藍田中段二小段
e_0368.xml,schema-xml.csv,高雄市_藍田西段
e_0369.xml,schema-xml.csv,高雄市_藍田西段一小段
e_0370.xml,schema-xml.csv,高雄市_藍田西段二小段
e_0372.xml,schema-xml.csv,高雄市_藍田西段四小段
e_0374.xml,schema-xml.csv,高雄市_藍田西段六小段
e_0376.xml,schema-xml.csv,高雄市_援中段一小段
e_0377.xml,schema-xml.csv,高雄市_援中段二小段
e_0381.xml,schema-xml.csv,高雄市_和平東段
e_0382.xml,schema-xml.csv,高雄市_翠屏段一小段
e_0383.xml,schema-xml.csv,高雄市_翠屏段二小段
e_0387.xml,schema-xml.csv,高雄市_藍田中段四小段
e_0388.xml,schema-xml.csv,高雄市_藍田中段五小段
e_0389.xml,schema-xml.csv,高雄市_藍田西段七小段
e_0390.xml,schema-xml.csv,高雄市_油廠段
e_0391.xml,schema-xml.csv,高雄市_油舍段
e_0392.xml,schema-xml.csv,高雄市_大昌段
e_0394.xml,schema-xml.csv,高雄市_惠民段
e_0500.xml,schema-xml.csv,高雄市_中華段一小段
e_0501.xml,schema-xml.csv,高雄市_中華段二小段
e_0502.xml,schema-xml.csv,高雄市_中都段一小段
e_0503.xml,schema-xml.csv,高雄市_中都段二小段
e_0504.xml,schema-xml.csv,高雄市_中都段三小段
e_0505.xml,schema-xml.csv,高雄市_中都段四小段
e_0506.xml,schema-xml.csv,高雄市_陽明段一小段
e_0507.xml,schema-xml.csv,高雄市_陽明段二小段
e_0508.xml,schema-xml.csv,高雄市_陽明段三小段
e_0509.xml,schema-xml.csv,高雄市_澄清段一小段
e_0510.xml,schema-xml.csv,高雄市_大豐段一小段
e_0511.xml,schema-xml.csv,高雄市_大豐段二小段
e_0512.xml,schema-xml.csv,高雄市_大裕段一小段
e_0513.xml,schema-xml.csv,高雄市_大裕段二小段
e_0514.xml,schema-xml.csv,高雄市_河濱段
e_0515.xml,schema-xml.csv,高雄市_陽明段四小段
e_0516.xml,schema-xml.csv,高雄市_澄清段二小段
e_0518.xml,schema-xml.csv,高雄市_建昌段
e_0519.xml,schema-xml.csv,高雄市_建工段
e_0520.xml,schema-xml.csv,高雄市_建豐段
e_0521.xml,schema-xml.csv,高雄市_建興段
e_0522.xml,schema-xml.csv,高雄市_建德段
e_0523.xml,schema-xml.csv,高雄市_建安段
e_0524.xml,schema-xml.csv,高雄市_建民段
e_0525.xml,schema-xml.csv,高雄市_建生段
e_0526.xml,schema-xml.csv,高雄市_澄義段
e_0527.xml,schema-xml.csv,高雄市_水源段
e_0528.xml,schema-xml.csv,高雄市_義民段
e_0529.xml,schema-xml.csv,高雄市_有光段
e_0530.xml,schema-xml.csv,高雄市_大順段
e_0531.xml,schema-xml.csv,高雄市_凱歌段
e_0532.xml,schema-xml.csv,高雄市_長明段
e_0533.xml,schema-xml.csv,高雄市_鼎金段
e_0534.xml,schema-xml.csv,高雄市_鼎泰段
e_0535.xml,schema-xml.csv,高雄市_鼎盛段
e_0536.xml,schema-xml.csv,高雄市_鼎中段
e_0537.xml,schema-xml.csv,高雄市_鼎新段
e_0538.xml,schema-xml.csv,高雄市_鼎山段
e_0539.xml,schema-xml.csv,高雄市_灣愛段
e_0540.xml,schema-xml.csv,高雄市_灣內段
e_0541.xml,schema-xml.csv,高雄市_灣成段
e_0542.xml,schema-xml.csv,高雄市_灣昌段
e_0543.xml,schema-xml.csv,高雄市_灣志段
e_0544.xml,schema-xml.csv,高雄市_灣立段
e_0546.xml,schema-xml.csv,高雄市_灣華段
e_0547.xml,schema-xml.csv,高雄市_灣中段
e_0548.xml,schema-xml.csv,高雄市_灣復段
e_0549.xml,schema-xml.csv,高雄市_灣興段
e_0550.xml,schema-xml.csv,高雄市_寶國段
e_0551.xml,schema-xml.csv,高雄市_義華段
e_0552.xml,schema-xml.csv,高雄市_三塊厝段
e_0553.xml,schema-xml.csv,高雄市_大港段
e_0556.xml,schema-xml.csv,高雄市_覆鼎金段覆鼎金小段
e_0558.xml,schema-xml.csv,高雄市_獅頭段
e_0559.xml,schema-xml.csv,高雄市_金獅段
e_0560.xml,schema-xml.csv,高雄市_灣和段
e_0561.xml,schema-xml.csv,高雄市_鼎祥段
e_0562.xml,schema-xml.csv,高雄市_鼎泰段一小段
e_0563.xml,schema-xml.csv,高雄市_獅頭段一小段
e_0565.xml,schema-xml.csv,高雄市_三塊厝段一小段
e_0566.xml,schema-xml.csv,高雄市_三塊厝段二小段
e_0567.xml,schema-xml.csv,高雄市_三塊厝段三小段
e_0568.xml,schema-xml.csv,高雄市_三塊厝段四小段
e_0569.xml,schema-xml.csv,高雄市_三塊厝段五小段
e_0570.xml,schema-xml.csv,高雄市_覆鼎金段覆鼎金一小段
e_0571.xml,schema-xml.csv,高雄市_大港段一小段
e_0572.xml,schema-xml.csv,高雄市_大港段二小段
e_0573.xml,schema-xml.csv,高雄市_大港段三小段
e_0574.xml,schema-xml.csv,高雄市_大港段四小段
e_0575.xml,schema-xml.csv,高雄市_大港段五小段
e_0576.xml,schema-xml.csv,高雄市_大港段六小段
e_0577.xml,schema-xml.csv,高雄市_大港段七小段
e_0578.xml,schema-xml.csv,高雄市_鳳北段
e_0579.xml,schema-xml.csv,高雄市_鼎儀段
e_0581.xml,schema-xml.csv,高雄市_澄東段
e_0583.xml,schema-xml.csv,高雄市_新都段
e_0584.xml,schema-xml.csv,高雄市_明仁段
e_0585.xml,schema-xml.csv,高雄市_雄中段
e_0700.xml,schema-xml.csv,高雄市_大港埔段
e_0701.xml,schema-xml.csv,高雄市_新興段一小段
e_0702.xml,schema-xml.csv,高雄市_新興段二小段
e_0703.xml,schema-xml.csv,高雄市_新興段三小段
e_0704.xml,schema-xml.csv,高雄市_新興段四小段
e_0705.xml,schema-xml.csv,高雄市_大統段一小段
e_0706.xml,schema-xml.csv,高雄市_大統段二小段
e_0707.xml,schema-xml.csv,高雄市_大統段三小段
e_0800.xml,schema-xml.csv,高雄市_前金段
e_0801.xml,schema-xml.csv,高雄市_後金段
e_0802.xml,schema-xml.csv,高雄市_東金段
e_0803.xml,schema-xml.csv,高雄市_北金段
e_0804.xml,schema-xml.csv,高雄市_文東段
e_0805.xml,schema-xml.csv,高雄市_博孝段
e_0806.xml,schema-xml.csv,高雄市_民生段
e_0900.xml,schema-xml.csv,高雄市_林德官段
e_0901.xml,schema-xml.csv,高雄市_五塊厝段
e_0902.xml,schema-xml.csv,高雄市_過田子段
e_0903.xml,schema-xml.csv,高雄市_苓雅寮段
e_0904.xml,schema-xml.csv,高雄市_五權段
e_0905.xml,schema-xml.csv,高雄市_武聖段
e_0906.xml,schema-xml.csv,高雄市_意誠段
e_0907.xml,schema-xml.csv,高雄市_福東段
e_0908.xml,schema-xml.csv,高雄市_福河段
e_0909.xml,schema-xml.csv,高雄市_福裕段
e_0910.xml,schema-xml.csv,高雄市_苓洲段
e_0911.xml,schema-xml.csv,高雄市_苓東段
e_0912.xml,schema-xml.csv,高雄市_苓中段
e_0913.xml,schema-xml.csv,高雄市_林興段
e_0914.xml,schema-xml.csv,高雄市_林聖段
e_0915.xml,schema-xml.csv,高雄市_苓西段
e_0916.xml,schema-xml.csv,高雄市_衛武段
e_0917.xml,schema-xml.csv,高雄市_成功段
e_0918.xml,schema-xml.csv,高雄市_正文段
e_0919.xml,schema-xml.csv,高雄市_正昌段
e_0920.xml,schema-xml.csv,高雄市_正言段
e_0921.xml,schema-xml.csv,高雄市_正德段
e_0922.xml,schema-xml.csv,高雄市_正福段
e_0923.xml,schema-xml.csv,高雄市_正憲段
e_0924.xml,schema-xml.csv,高雄市_正明段
e_0925.xml,schema-xml.csv,高雄市_中正段
e_0926.xml,schema-xml.csv,高雄市_林德官段一小段
e_0927.xml,schema-xml.csv,高雄市_林德官段二小段
e_0928.xml,schema-xml.csv,高雄市_林德官段三小段
e_0929.xml,schema-xml.csv,高雄市_林德官段四小段
e_0930.xml,schema-xml.csv,高雄市_林德官段五小段
e_0931.xml,schema-xml.csv,高雄市_五塊厝段一小段
e_0935.xml,schema-xml.csv,高雄市_五權段一小段
e_0936.xml,schema-xml.csv,高雄市_林聖段一小段
e_0937.xml,schema-xml.csv,高雄市_苓中段一小段
e_0938.xml,schema-xml.csv,高雄市_苓港段
e_1000.xml,schema-xml.csv,高雄市_鎮東段
e_1001.xml,schema-xml.csv,高雄市_鎮昌段
e_1002.xml,schema-xml.csv,高雄市_新生段
e_1003.xml,schema-xml.csv,高雄市_興邦段
e_1004.xml,schema-xml.csv,高雄市_瑞南段
e_1005.xml,schema-xml.csv,高雄市_仁愛段
e_1007.xml,schema-xml.csv,高雄市_愛群段
e_1008.xml,schema-xml.csv,高雄市_光華段
e_1009.xml,schema-xml.csv,高雄市_籬子內段籬子內小段
e_1011.xml,schema-xml.csv,高雄市_憲德段
e_1012.xml,schema-xml.csv,高雄市_盛興段
e_1013.xml,schema-xml.csv,高雄市_臨北段
e_1014.xml,schema-xml.csv,高雄市_獅甲段
e_1017.xml,schema-xml.csv,高雄市_佛公段
e_1018.xml,schema-xml.csv,高雄市_瑞隆段一小段
e_1019.xml,schema-xml.csv,高雄市_瑞隆段二小段
e_1020.xml,schema-xml.csv,高雄市_瑞隆段三小段
e_1021.xml,schema-xml.csv,高雄市_瑞隆段四小段
e_1022.xml,schema-xml.csv,高雄市_瑞崗段一小段
e_1023.xml,schema-xml.csv,高雄市_瑞崗段二小段
e_1024.xml,schema-xml.csv,高雄市_瑞崗段三小段
e_1025.xml,schema-xml.csv,高雄市_瑞崗段四小段
e_1026.xml,schema-xml.csv,高雄市_瑞崗段五小段
e_1027.xml,schema-xml.csv,高雄市_台糖段
e_1028.xml,schema-xml.csv,高雄市_朝陽段
e_1029.xml,schema-xml.csv,高雄市_明道段
e_1030.xml,schema-xml.csv,高雄市_草衙段一小段
e_1031.xml,schema-xml.csv,高雄市_草衙段二小段
e_1032.xml,schema-xml.csv,高雄市_草衙段三小段
e_1033.xml,schema-xml.csv,高雄市_鎮昌段一小段
e_1034.xml,schema-xml.csv,高雄市_瑞南段一小段
e_1035.xml,schema-xml.csv,高雄市_仁愛段一小段
e_1038.xml,schema-xml.csv,高雄市_光華段一小段
e_1039.xml,schema-xml.csv,高雄市_憲德段一小段
e_1040.xml,schema-xml.csv,高雄市_盛興段一小段
e_1041.xml,schema-xml.csv,高雄市_獅甲段一小段
e_1042.xml,schema-xml.csv,高雄市_獅甲段二小段
e_1043.xml,schema-xml.csv,高雄市_獅甲段三小段
e_1044.xml,schema-xml.csv,高雄市_瑞崗段六小段
e_1045.xml,schema-xml.csv,高雄市_憲德段二小段
e_1046.xml,schema-xml.csv,高雄市_中安段
e_1047.xml,schema-xml.csv,高雄市_興南段
e_1048.xml,schema-xml.csv,高雄市_經貿段一小段
e_1049.xml,schema-xml.csv,高雄市_竹北段
e_1051.xml,schema-xml.csv,高雄市_經貿段二小段
e_1052.xml,schema-xml.csv,高雄市_經貿段三小段
e_1053.xml,schema-xml.csv,高雄市_經貿段四小段
e_1054.xml,schema-xml.csv,高雄市_明正段
e_1055.xml,schema-xml.csv,高雄市_經貿段五小段
e_1056.xml,schema-xml.csv,高雄市_經貿段六小段
e_1058.xml,schema-xml.csv,高雄市_經貿段八小段
e_1059.xml,schema-xml.csv,高雄市_經貿段九小段
e_1112.xml,schema-xml.csv,高雄市_旗港段
e_1113.xml,schema-xml.csv,高雄市_旗津段
e_1114.xml,schema-xml.csv,高雄市_旗汕段
e_1115.xml,schema-xml.csv,高雄市_中興段
e_1116.xml,schema-xml.csv,高雄市_東沙段
e_1200.xml,schema-xml.csv,高雄市_鳳林段
e_1201.xml,schema-xml.csv,高雄市_大林段
e_1202.xml,schema-xml.csv,高雄市_龍鳳段
e_1203.xml,schema-xml.csv,高雄市_丹山段
e_1204.xml,schema-xml.csv,高雄市_鳳宮段
e_1205.xml,schema-xml.csv,高雄市_大業段
e_1206.xml,schema-xml.csv,高雄市_港墘段
e_1207.xml,schema-xml.csv,高雄市_高鳳段
e_1208.xml,schema-xml.csv,高雄市_山明段
e_1209.xml,schema-xml.csv,高雄市_青島段一小段
e_1210.xml,schema-xml.csv,高雄市_青島段二小段
e_1211.xml,schema-xml.csv,高雄市_港和段一小段
e_1212.xml,schema-xml.csv,高雄市_港和段二小段
e_1213.xml,schema-xml.csv,高雄市_小港段
e_1215.xml,schema-xml.csv,高雄市_二苓段
e_1216.xml,schema-xml.csv,高雄市_高松段
e_1219.xml,schema-xml.csv,高雄市_大林蒲段
e_1220.xml,schema-xml.csv,高雄市_鹽水港段
e_1221.xml,schema-xml.csv,高雄市_紅毛港段
e_1222.xml,schema-xml.csv,高雄市_中段
e_1225.xml,schema-xml.csv,高雄市_店鎮段
e_1226.xml,schema-xml.csv,高雄市_店子後段
e_1227.xml,schema-xml.csv,高雄市_二橋段
e_1230.xml,schema-xml.csv,高雄市_大人宮段
e_1231.xml,schema-xml.csv,高雄市_鳳鼻頭段
e_1232.xml,schema-xml.csv,高雄市_孔宅段
e_1233.xml,schema-xml.csv,高雄市_莊段
e_1234.xml,schema-xml.csv,高雄市_機場段
e_1235.xml,schema-xml.csv,高雄市_中厝段
e_1236.xml,schema-xml.csv,高雄市_港興段
e_1237.xml,schema-xml.csv,高雄市_桂林段
e_1238.xml,schema-xml.csv,高雄市_坪北段
e_1239.xml,schema-xml.csv,高雄市_坪南段
e_1240.xml,schema-xml.csv,高雄市_水庫段
e_1242.xml,schema-xml.csv,高雄市_鹽水段
e_1243.xml,schema-xml.csv,高雄市_宏明段
e_1244.xml,schema-xml.csv,高雄市_南星段
e_1245.xml,schema-xml.csv,高雄市_坪頂段
e_1247.xml,schema-xml.csv,高雄市_坪鳳段
e_1250.xml,schema-xml.csv,高雄市_青島段四小段
e_1252.xml,schema-xml.csv,高雄市_港和段四小段
e_1253.xml,schema-xml.csv,高雄市_二苓段一小段
e_1254.xml,schema-xml.csv,高雄市_高松段一小段
e_1255.xml,schema-xml.csv,高雄市_高松段二小段
e_1258.xml,schema-xml.csv,高雄市_中段一小段
e_1259.xml,schema-xml.csv,高雄市_店鎮段一小段
e_1260.xml,schema-xml.csv,高雄市_店鎮段二小段
e_1261.xml,schema-xml.csv,高雄市_店子後段一小段
e_1263.xml,schema-xml.csv,高雄市_大人宮段一小段
e_1266.xml,schema-xml.csv,高雄市_中厝段一小段
e_1268.xml,schema-xml.csv,高雄市_坪松段
e_1269.xml,schema-xml.csv,高雄市_孔鳳段
e_1270.xml,schema-xml.csv,高雄市_明義段
e_1271.xml,schema-xml.csv,高雄市_合作段
e_1272.xml,schema-xml.csv,高雄市_大平段
e_1273.xml,schema-xml.csv,高雄市_朝興段
e_1275.xml,schema-xml.csv,高雄市_松金段
e_1400.xml,schema-xml.csv,高雄市_鳳山段縣口小段
e_1401.xml,schema-xml.csv,高雄市_鳳山段大老衙小段
e_1402.xml,schema-xml.csv,高雄市_鳳山段火房口小段
e_1403.xml,schema-xml.csv,高雄市_鳳山段草店尾小段
e_1404.xml,schema-xml.csv,高雄市_竹子腳段
e_1405.xml,schema-xml.csv,高雄市_新庄子段
e_1407.xml,schema-xml.csv,高雄市_道爺段
e_1408.xml,schema-xml.csv,高雄市_道爺段下菜園小段
e_1409.xml,schema-xml.csv,高雄市_七老爺段
e_1410.xml,schema-xml.csv,高雄市_七老爺段一甲小段
e_1412.xml,schema-xml.csv,高雄市_新甲段
e_1413.xml,schema-xml.csv,高雄市_五甲段
e_1416.xml,schema-xml.csv,高雄市_五甲段牛寮小段
e_1419.xml,schema-xml.csv,高雄市_赤山段
e_1420.xml,schema-xml.csv,高雄市_牛潮埔段
e_1421.xml,schema-xml.csv,高雄市_埤頂段
e_1424.xml,schema-xml.csv,高雄市_埤頂段三小段
e_1425.xml,schema-xml.csv,高雄市_文山段
e_1427.xml,schema-xml.csv,高雄市_文英段
e_1428.xml,schema-xml.csv,高雄市_北門段
e_1429.xml,schema-xml.csv,高雄市_中崙段
e_1430.xml,schema-xml.csv,高雄市_建軍段
e_1431.xml,schema-xml.csv,高雄市_過埤段
e_1432.xml,schema-xml.csv,高雄市_頂庄段
e_1433.xml,schema-xml.csv,高雄市_鳳甲段
e_1434.xml,schema-xml.csv,高雄市_二甲段
e_1435.xml,schema-xml.csv,高雄市_三甲段
e_1437.xml,schema-xml.csv,高雄市_明頂段
e_1438.xml,schema-xml.csv,高雄市_田中央段
e_1439.xml,schema-xml.csv,高雄市_園尾段
e_1440.xml,schema-xml.csv,高雄市_灣頭段
e_1441.xml,schema-xml.csv,高雄市_鳳頂段
e_1443.xml,schema-xml.csv,高雄市_大貝湖段
e_1445.xml,schema-xml.csv,高雄市_過勇段
e_1446.xml,schema-xml.csv,高雄市_華鳳段
e_1447.xml,schema-xml.csv,高雄市_正義段
e_1448.xml,schema-xml.csv,高雄市_南華段
e_1449.xml,schema-xml.csv,高雄市_鳳翔段
e_1451.xml,schema-xml.csv,高雄市_華泰段
e_1452.xml,schema-xml.csv,高雄市_頂新段
e_1454.xml,schema-xml.csv,高雄市_青年段
e_1458.xml,schema-xml.csv,高雄市_福誠段
e_1459.xml,schema-xml.csv,高雄市_頂宏段
e_1461.xml,schema-xml.csv,高雄市_鳳青段
e_1462.xml,schema-xml.csv,高雄市_保成段
e_1463.xml,schema-xml.csv,高雄市_勝利段
e_1464.xml,schema-xml.csv,高雄市_曹新段
e_1600.xml,schema-xml.csv,高雄市_汕尾段
e_1601.xml,schema-xml.csv,高雄市_汕尾段一小段
e_1602.xml,schema-xml.csv,高雄市_汕尾段二小段
e_1603.xml,schema-xml.csv,高雄市_中芸段
e_1604.xml,schema-xml.csv,高雄市_中芸段一小段
e_1605.xml,schema-xml.csv,高雄市_溪州段
e_1606.xml,schema-xml.csv,高雄市_溪州段一小段
e_1607.xml,schema-xml.csv,高雄市_溪州段二小段
e_1608.xml,schema-xml.csv,高雄市_溪州段三小段
e_1609.xml,schema-xml.csv,高雄市_港子埔段
e_1610.xml,schema-xml.csv,高雄市_港子埔段一小段
e_1611.xml,schema-xml.csv,高雄市_港子埔段中坑門小段
e_1613.xml,schema-xml.csv,高雄市_王公廟段
e_1614.xml,schema-xml.csv,高雄市_王公廟段一小段
e_1615.xml,schema-xml.csv,高雄市_王公廟段苦苓腳小段
e_1616.xml,schema-xml.csv,高雄市_王公廟段苦苓腳一小段
e_1618.xml,schema-xml.csv,高雄市_潭頭段
e_1619.xml,schema-xml.csv,高雄市_潭頭段一小段
e_1620.xml,schema-xml.csv,高雄市_林子邊段
e_1621.xml,schema-xml.csv,高雄市_林子邊段一小段
e_1623.xml,schema-xml.csv,高雄市_林園段
e_1624.xml,schema-xml.csv,高雄市_鳳芸段
e_1625.xml,schema-xml.csv,高雄市_鳳芸段一小段
e_1626.xml,schema-xml.csv,高雄市_中汕段
e_1628.xml,schema-xml.csv,高雄市_頂厝段
e_1630.xml,schema-xml.csv,高雄市_柚子腳段
e_1631.xml,schema-xml.csv,高雄市_田中央段
e_1632.xml,schema-xml.csv,高雄市_福德段
e_1633.xml,schema-xml.csv,高雄市_中厝段
e_1634.xml,schema-xml.csv,高雄市_清水巖段
e_1635.xml,schema-xml.csv,高雄市_龍潭段
e_1636.xml,schema-xml.csv,高雄市_廣應段
e_1637.xml,schema-xml.csv,高雄市_下厝段
e_1638.xml,schema-xml.csv,高雄市_龔林段
e_1639.xml,schema-xml.csv,高雄市_中門段
e_1640.xml,schema-xml.csv,高雄市_頂溪州段
e_1641.xml,schema-xml.csv,高雄市_五福段
e_1642.xml,schema-xml.csv,高雄市_林潭段
e_1644.xml,schema-xml.csv,高雄市_東隆段
e_1645.xml,schema-xml.csv,高雄市_王公段
e_1646.xml,schema-xml.csv,高雄市_新測段
e_1700.xml,schema-xml.csv,高雄市_磚子段
e_1701.xml,schema-xml.csv,高雄市_磚子段一小段
e_1702.xml,schema-xml.csv,高雄市_磚子段二小段
e_1703.xml,schema-xml.csv,高雄市_翁公園段
e_1704.xml,schema-xml.csv,高雄市_翁公園段一小段
e_1705.xml,schema-xml.csv,高雄市_翁公園段二小段
e_1706.xml,schema-xml.csv,高雄市_翁公園段三小段
e_1707.xml,schema-xml.csv,高雄市_山子頂段
e_1708.xml,schema-xml.csv,高雄市_山子頂段一小段
e_1710.xml,schema-xml.csv,高雄市_拷潭段
e_1711.xml,schema-xml.csv,高雄市_大寮段
e_1712.xml,schema-xml.csv,高雄市_大寮段一小段
e_1713.xml,schema-xml.csv,高雄市_大寮段二小段
e_1714.xml,schema-xml.csv,高雄市_大寮段三小段
e_1715.xml,schema-xml.csv,高雄市_大寮段芎蕉腳小段
e_1716.xml,schema-xml.csv,高雄市_大寮段芎蕉腳一小段
e_1717.xml,schema-xml.csv,高雄市_赤崁段
e_1718.xml,schema-xml.csv,高雄市_赤崁段一小段
e_1719.xml,schema-xml.csv,高雄市_赤崁段潮州寮小段
e_1720.xml,schema-xml.csv,高雄市_赤崁段潮州寮一小段
e_1721.xml,schema-xml.csv,高雄市_赤崁段潮州寮二小段
e_1722.xml,schema-xml.csv,高雄市_赤崁段潮州寮三小段
e_1723.xml,schema-xml.csv,高雄市_會社段
e_1724.xml,schema-xml.csv,高雄市_永芳段
e_1725.xml,schema-xml.csv,高雄市_內厝段
e_1726.xml,schema-xml.csv,高雄市_水源段
e_1727.xml,schema-xml.csv,高雄市_內湖段
e_1728.xml,schema-xml.csv,高雄市_內坑段
e_1729.xml,schema-xml.csv,高雄市_義和段
e_1730.xml,schema-xml.csv,高雄市_義堂段
e_1731.xml,schema-xml.csv,高雄市_義仁段
e_1732.xml,schema-xml.csv,高雄市_義勇段
e_1733.xml,schema-xml.csv,高雄市_昭明段
e_1734.xml,schema-xml.csv,高雄市_後庄段
e_1735.xml,schema-xml.csv,高雄市_江山段
e_1736.xml,schema-xml.csv,高雄市_溪寮段
e_1737.xml,schema-xml.csv,高雄市_中庄北段
e_1738.xml,schema-xml.csv,高雄市_中庄南段
e_1739.xml,schema-xml.csv,高雄市_翁園段
e_1740.xml,schema-xml.csv,高雄市_琉球段
e_1741.xml,schema-xml.csv,高雄市_永芳壹段
e_1742.xml,schema-xml.csv,高雄市_仁德段
e_1743.xml,schema-xml.csv,高雄市_後壁寮段
e_1744.xml,schema-xml.csv,高雄市_前庄段
e_1745.xml,schema-xml.csv,高雄市_民新段
e_1746.xml,schema-xml.csv,高雄市_開封段
e_1747.xml,schema-xml.csv,高雄市_六合段
e_1748.xml,schema-xml.csv,高雄市_王厝段
e_1749.xml,schema-xml.csv,高雄市_邱厝坪段
e_1750.xml,schema-xml.csv,高雄市_明善段
e_1751.xml,schema-xml.csv,高雄市_潭平段
e_1752.xml,schema-xml.csv,高雄市_水廠段
e_1753.xml,schema-xml.csv,高雄市_潭鳳段
e_1754.xml,schema-xml.csv,高雄市_黃厝段
e_1755.xml,schema-xml.csv,高雄市_伍厝段
e_1756.xml,schema-xml.csv,高雄市_潮寮北段
e_1757.xml,schema-xml.csv,高雄市_潮寮南段
e_1758.xml,schema-xml.csv,高雄市_會結北段
e_1759.xml,schema-xml.csv,高雄市_會結南段
e_1760.xml,schema-xml.csv,高雄市_林內段
e_1761.xml,schema-xml.csv,高雄市_新庄段
e_1762.xml,schema-xml.csv,高雄市_新厝北段
e_1763.xml,schema-xml.csv,高雄市_新厝南段
e_1764.xml,schema-xml.csv,高雄市_上寮北段
e_1765.xml,schema-xml.csv,高雄市_上寮南段
e_1766.xml,schema-xml.csv,高雄市_頂寮段
e_1767.xml,schema-xml.csv,高雄市_三隆段
e_1768.xml,schema-xml.csv,高雄市_過溪段
e_1769.xml,schema-xml.csv,高雄市_濃公段
e_1770.xml,schema-xml.csv,高雄市_會明段
e_1771.xml,schema-xml.csv,高雄市_山頂段
e_1772.xml,schema-xml.csv,高雄市_保生段
e_1773.xml,schema-xml.csv,高雄市_河堤段
e_1774.xml,schema-xml.csv,高雄市_農場段
e_1907.xml,schema-xml.csv,高雄市_永豐段
e_1908.xml,schema-xml.csv,高雄市_中興段
e_1909.xml,schema-xml.csv,高雄市_東隆段
e_1910.xml,schema-xml.csv,高雄市_湖底段
e_1911.xml,schema-xml.csv,高雄市_曹公段
e_1912.xml,schema-xml.csv,高雄市_新興段
e_1913.xml,schema-xml.csv,高雄市_九曲段
e_1914.xml,schema-xml.csv,高雄市_維新段
e_1915.xml,schema-xml.csv,高雄市_大庄段
e_1916.xml,schema-xml.csv,高雄市_埔尾段
e_1917.xml,schema-xml.csv,高雄市_土角厝段
e_1918.xml,schema-xml.csv,高雄市_大樹保安段
e_1919.xml,schema-xml.csv,高雄市_大樹新吉段
e_1920.xml,schema-xml.csv,高雄市_水寮段
e_1921.xml,schema-xml.csv,高雄市_坪頂段
e_1922.xml,schema-xml.csv,高雄市_竹寮段
e_1923.xml,schema-xml.csv,高雄市_水安段
e_1924.xml,schema-xml.csv,高雄市_新溪埔段
e_1925.xml,schema-xml.csv,高雄市_洲仔段
e_1926.xml,schema-xml.csv,高雄市_興田段
e_1927.xml,schema-xml.csv,高雄市_福德段
e_1928.xml,schema-xml.csv,高雄市_水廠段
e_1929.xml,schema-xml.csv,高雄市_興山段
e_1930.xml,schema-xml.csv,高雄市_新水安段
e_1931.xml,schema-xml.csv,高雄市_龍目段
e_1932.xml,schema-xml.csv,高雄市_姑山段
e_1933.xml,schema-xml.csv,高雄市_小坪段
e_1934.xml,schema-xml.csv,高雄市_統嶺段
e_1935.xml,schema-xml.csv,高雄市_和山段
e_1936.xml,schema-xml.csv,高雄市_三和段
e_1937.xml,schema-xml.csv,高雄市_興和段
e_1938.xml,schema-xml.csv,高雄市_田寮段
e_1939.xml,schema-xml.csv,高雄市_佛光段
e_1940.xml,schema-xml.csv,高雄市_學城段
e_2002.xml,schema-xml.csv,高雄市_保舍甲段
e_2003.xml,schema-xml.csv,高雄市_大社段
e_2004.xml,schema-xml.csv,高雄市_三奶壇段
e_2005.xml,schema-xml.csv,高雄市_三奶壇段一小段
e_2007.xml,schema-xml.csv,高雄市_林子邊段
e_2009.xml,schema-xml.csv,高雄市_中里段
e_2011.xml,schema-xml.csv,高雄市_大安段
e_2013.xml,schema-xml.csv,高雄市_興農段
e_2015.xml,schema-xml.csv,高雄市_翠屏段
e_2016.xml,schema-xml.csv,高雄市_翠屏段一小段
e_2018.xml,schema-xml.csv,高雄市_興工段
e_2019.xml,schema-xml.csv,高雄市_保安段
e_2021.xml,schema-xml.csv,高雄市_清福段
e_2022.xml,schema-xml.csv,高雄市_萬金段
e_2023.xml,schema-xml.csv,高雄市_觀音山段
e_2024.xml,schema-xml.csv,高雄市_鹽埕段
e_2025.xml,schema-xml.csv,高雄市_圳觀段
e_2026.xml,schema-xml.csv,高雄市_嘉誠段
e_2027.xml,schema-xml.csv,高雄市_保甲段
e_2028.xml,schema-xml.csv,高雄市_保社段
e_2029.xml,schema-xml.csv,高雄市_林邊段
e_2030.xml,schema-xml.csv,高雄市_尖山腳段
e_2031.xml,schema-xml.csv,高雄市_食坑段
e_2032.xml,schema-xml.csv,高雄市_水哮段
e_2033.xml,schema-xml.csv,高雄市_承天段
e_2103.xml,schema-xml.csv,高雄市_考潭段
e_2115.xml,schema-xml.csv,高雄市_大灣段
e_2116.xml,schema-xml.csv,高雄市_仁春段
e_2117.xml,schema-xml.csv,高雄市_仁德段
e_2119.xml,schema-xml.csv,高雄市_仁營段
e_2120.xml,schema-xml.csv,高雄市_竹後段
e_2121.xml,schema-xml.csv,高雄市_仁新段
e_2122.xml,schema-xml.csv,高雄市_竹園段
e_2123.xml,schema-xml.csv,高雄市_澄清段
e_2124.xml,schema-xml.csv,高雄市_仁雄段
e_2125.xml,schema-xml.csv,高雄市_澄潭段
e_2126.xml,schema-xml.csv,高雄市_文武段
e_2127.xml,schema-xml.csv,高雄市_赤南段
e_2128.xml,schema-xml.csv,高雄市_金鼎段
e_2130.xml,schema-xml.csv,高雄市_草潭段
e_2131.xml,schema-xml.csv,高雄市_八德段
e_2132.xml,schema-xml.csv,高雄市_豐禾段
e_2133.xml,schema-xml.csv,高雄市_北屋段
e_2134.xml,schema-xml.csv,高雄市_慈惠段
e_2135.xml,schema-xml.csv,高雄市_後港段
e_2136.xml,schema-xml.csv,高雄市_澄觀段
e_2137.xml,schema-xml.csv,高雄市_永仁段
e_2138.xml,schema-xml.csv,高雄市_綠園段
e_2139.xml,schema-xml.csv,高雄市_暘善段
e_2140.xml,schema-xml.csv,高雄市_仁龍段
e_2141.xml,schema-xml.csv,高雄市_灣勢段
e_2142.xml,schema-xml.csv,高雄市_灣北段
e_2143.xml,schema-xml.csv,高雄市_永和段
e_2144.xml,schema-xml.csv,高雄市_善德段
e_2145.xml,schema-xml.csv,高雄市_霞海段
e_2147.xml,schema-xml.csv,高雄市_澄德段
e_2148.xml,schema-xml.csv,高雄市_澄合段
e_2149.xml,schema-xml.csv,高雄市_烏林段
e_2150.xml,schema-xml.csv,高雄市_新赤山段
e_2153.xml,schema-xml.csv,高雄市_大昌段
e_2154.xml,schema-xml.csv,高雄市_仁勇段
e_2155.xml,schema-xml.csv,高雄市_新後港西段
e_2156.xml,schema-xml.csv,高雄市_仁義段
e_2157.xml,schema-xml.csv,高雄市_觀音湖段
e_2159.xml,schema-xml.csv,高雄市_八卦段
e_2160.xml,schema-xml.csv,高雄市_新庄南段
e_2161.xml,schema-xml.csv,高雄市_後港東段
e_2201.xml,schema-xml.csv,高雄市_鳥松段
e_2202.xml,schema-xml.csv,高雄市_夢裡段
e_2203.xml,schema-xml.csv,高雄市_夢裡段一小段
e_2204.xml,schema-xml.csv,高雄市_崎子段
e_2205.xml,schema-xml.csv,高雄市_崎子段一小段
e_2206.xml,schema-xml.csv,高雄市_大腿段
e_2207.xml,schema-xml.csv,高雄市_大腿段一小段
e_2208.xml,schema-xml.csv,高雄市_埔段
e_2209.xml,schema-xml.csv,高雄市_埔段一小段
e_2211.xml,schema-xml.csv,高雄市_田草埔段
e_2212.xml,schema-xml.csv,高雄市_鳳松段
e_2213.xml,schema-xml.csv,高雄市_山水段
e_2214.xml,schema-xml.csv,高雄市_長庚段
e_2215.xml,schema-xml.csv,高雄市_圓山段
e_2216.xml,schema-xml.csv,高雄市_大華段
e_2218.xml,schema-xml.csv,高雄市_青雲段
e_2219.xml,schema-xml.csv,高雄市_林內段
e_2221.xml,schema-xml.csv,高雄市_美山段
e_2222.xml,schema-xml.csv,高雄市_美德段
e_2223.xml,schema-xml.csv,高雄市_華美段
e_2224.xml,schema-xml.csv,高雄市_仁美段
e_2225.xml,schema-xml.csv,高雄市_仁和段
e_2226.xml,schema-xml.csv,高雄市_育英段
e_2227.xml,schema-xml.csv,高雄市_育才段
e_2228.xml,schema-xml.csv,高雄市_大同段
e_2229.xml,schema-xml.csv,高雄市_大德段
e_2230.xml,schema-xml.csv,高雄市_大德段一小段
e_2231.xml,schema-xml.csv,高雄市_觀湖段
e_2232.xml,schema-xml.csv,高雄市_正修段
e_2233.xml,schema-xml.csv,高雄市_大埤段
e_2234.xml,schema-xml.csv,高雄市_學園段
e_2235.xml,schema-xml.csv,高雄市_松埔段
e_2236.xml,schema-xml.csv,高雄市_同心段
e_2238.xml,schema-xml.csv,高雄市_神農段
e_2239.xml,schema-xml.csv,高雄市_育仁段
e_2240.xml,schema-xml.csv,高雄市_灣裡段
e_2241.xml,schema-xml.csv,高雄市_埔嶺段
e_2242.xml,schema-xml.csv,高雄市_大丘園段
e_2243.xml,schema-xml.csv,高雄市_大竹段
e_2244.xml,schema-xml.csv,高雄市_美德段神美小段
e_2245.xml,schema-xml.csv,高雄市_大同段龍泉小段
e_2300.xml,schema-xml.csv,高雄市_岡山段
e_2303.xml,schema-xml.csv,高雄市_後協段
e_2305.xml,schema-xml.csv,高雄市_白米段
e_2306.xml,schema-xml.csv,高雄市_白米段一小段
e_2307.xml,schema-xml.csv,高雄市_街尾崙段
e_2309.xml,schema-xml.csv,高雄市_台上段
e_2310.xml,schema-xml.csv,高雄市_後紅段
e_2312.xml,schema-xml.csv,高雄市_大寮段
e_2314.xml,schema-xml.csv,高雄市_子段
e_2315.xml,schema-xml.csv,高雄市_子段一小段
e_2316.xml,schema-xml.csv,高雄市_子段二小段
e_2317.xml,schema-xml.csv,高雄市_子段三小段
e_2318.xml,schema-xml.csv,高雄市_子段四小段
e_2319.xml,schema-xml.csv,高雄市_五甲尾段
e_2323.xml,schema-xml.csv,高雄市_本洲段
e_2325.xml,schema-xml.csv,高雄市_石螺潭段
e_2326.xml,schema-xml.csv,高雄市_程香段
e_2327.xml,schema-xml.csv,高雄市_大勇段
e_2328.xml,schema-xml.csv,高雄市_大紅段
e_2329.xml,schema-xml.csv,高雄市_大紅段一小段
e_2330.xml,schema-xml.csv,高雄市_大公段
e_2331.xml,schema-xml.csv,高雄市_大全段
e_2332.xml,schema-xml.csv,高雄市_文化段
e_2333.xml,schema-xml.csv,高雄市_大仁段
e_2334.xml,schema-xml.csv,高雄市_大智段
e_2335.xml,schema-xml.csv,高雄市_大智段協和小段
e_2336.xml,schema-xml.csv,高雄市_協榮段
e_2337.xml,schema-xml.csv,高雄市_介壽段
e_2338.xml,schema-xml.csv,高雄市_陽明段
e_2339.xml,schema-xml.csv,高雄市_劉厝段
e_2340.xml,schema-xml.csv,高雄市_成功段
e_2341.xml,schema-xml.csv,高雄市_竹圍段
e_2342.xml,schema-xml.csv,高雄市_富貴段
e_2343.xml,schema-xml.csv,高雄市_華崗段
e_2344.xml,schema-xml.csv,高雄市_華興段
e_2345.xml,schema-xml.csv,高雄市_嘉興段
e_2346.xml,schema-xml.csv,高雄市_為隨段
e_2347.xml,schema-xml.csv,高雄市_下竹圍段
e_2348.xml,schema-xml.csv,高雄市_嘉潭段
e_2349.xml,schema-xml.csv,高雄市_鹽埔段
e_2350.xml,schema-xml.csv,高雄市_文心段
e_2351.xml,schema-xml.csv,高雄市_岡工段
e_2352.xml,schema-xml.csv,高雄市_台安段
e_2353.xml,schema-xml.csv,高雄市_灣裡段
e_2354.xml,schema-xml.csv,高雄市_灣裡西段
e_2355.xml,schema-xml.csv,高雄市_新本洲段
e_2356.xml,schema-xml.csv,高雄市_忠誠段
e_2357.xml,schema-xml.csv,高雄市_福潭段
e_2358.xml,schema-xml.csv,高雄市_嘉旺段
e_2360.xml,schema-xml.csv,高雄市_大德段
e_2361.xml,schema-xml.csv,高雄市_中山段
e_2362.xml,schema-xml.csv,高雄市_軍校段
e_2363.xml,schema-xml.csv,高雄市_機場段
e_2364.xml,schema-xml.csv,高雄市_石螺段
e_2365.xml,schema-xml.csv,高雄市_長榮段
e_2366.xml,schema-xml.csv,高雄市_台富段
e_2367.xml,schema-xml.csv,高雄市_清水段
e_2368.xml,schema-xml.csv,高雄市_和平段
e_2369.xml,schema-xml.csv,高雄市_友情段
e_2370.xml,schema-xml.csv,高雄市_信義段
e_2371.xml,schema-xml.csv,高雄市_大華段
e_2372.xml,schema-xml.csv,高雄市_嘉新段
e_2373.xml,schema-xml.csv,高雄市_嘉華段
e_2374.xml,schema-xml.csv,高雄市_三和段
e_2375.xml,schema-xml.csv,高雄市_菜寮段
e_2400.xml,schema-xml.csv,高雄市_中崎段
e_2404.xml,schema-xml.csv,高雄市_橋子頭段
e_2406.xml,schema-xml.csv,高雄市_橋子頭段二小段
e_2407.xml,schema-xml.csv,高雄市_仕隆段
e_2408.xml,schema-xml.csv,高雄市_仕隆段一小段
e_2409.xml,schema-xml.csv,高雄市_仕隆段二小段
e_2410.xml,schema-xml.csv,高雄市_九甲圍段
e_2411.xml,schema-xml.csv,高雄市_頂田段
e_2412.xml,schema-xml.csv,高雄市_頂田段一小段
e_2414.xml,schema-xml.csv,高雄市_白樹子段
e_2415.xml,schema-xml.csv,高雄市_仕豐段
e_2416.xml,schema-xml.csv,高雄市_仕興段
e_2417.xml,schema-xml.csv,高雄市_橋南段
e_2418.xml,schema-xml.csv,高雄市_橋北段
e_2419.xml,schema-xml.csv,高雄市_筆秀段
e_2420.xml,schema-xml.csv,高雄市_德松段
e_2421.xml,schema-xml.csv,高雄市_建樹段
e_2422.xml,schema-xml.csv,高雄市_興樹段
e_2423.xml,schema-xml.csv,高雄市_仕和段
e_2424.xml,schema-xml.csv,高雄市_橋中段
e_2425.xml,schema-xml.csv,高雄市_樹德段
e_2426.xml,schema-xml.csv,高雄市_後壁田段
e_2427.xml,schema-xml.csv,高雄市_芋林段
e_2428.xml,schema-xml.csv,高雄市_樹林段
e_2429.xml,schema-xml.csv,高雄市_三仙段
e_2430.xml,schema-xml.csv,高雄市_鹽塭段
e_2431.xml,schema-xml.csv,高雄市_甲圍段
e_2432.xml,schema-xml.csv,高雄市_新莊段
e_2433.xml,schema-xml.csv,高雄市_中峰段
e_2434.xml,schema-xml.csv,高雄市_內庄段
e_2500.xml,schema-xml.csv,高雄市_千秋寮段
e_2501.xml,schema-xml.csv,高雄市_千秋寮段一小段
e_2502.xml,schema-xml.csv,高雄市_深水段
e_2503.xml,schema-xml.csv,高雄市_湖子內段
e_2504.xml,schema-xml.csv,高雄市_援巢中段
e_2505.xml,schema-xml.csv,高雄市_援巢中段一小段
e_2514.xml,schema-xml.csv,高雄市_面前埔段一小段
e_2518.xml,schema-xml.csv,高雄市_尖山段
e_2519.xml,schema-xml.csv,高雄市_燕中段
e_2520.xml,schema-xml.csv,高雄市_燕東段
e_2521.xml,schema-xml.csv,高雄市_燕西段
e_2522.xml,schema-xml.csv,高雄市_燕南段
e_2523.xml,schema-xml.csv,高雄市_燕北段
e_2524.xml,schema-xml.csv,高雄市_安招段
e_2525.xml,schema-xml.csv,高雄市_安東段
e_2526.xml,schema-xml.csv,高雄市_安西段
e_2527.xml,schema-xml.csv,高雄市_安南段
e_2528.xml,schema-xml.csv,高雄市_安北段
e_2529.xml,schema-xml.csv,高雄市_瓊東段
e_2530.xml,schema-xml.csv,高雄市_瓊中段
e_2531.xml,schema-xml.csv,高雄市_瓊興段
e_2532.xml,schema-xml.csv,高雄市_瓊西段
e_2533.xml,schema-xml.csv,高雄市_瓊安段
e_2534.xml,schema-xml.csv,高雄市_北角宿段
e_2535.xml,schema-xml.csv,高雄市_南角宿段
e_2536.xml,schema-xml.csv,高雄市_代天府段
e_2537.xml,schema-xml.csv,高雄市_觀水段
e_2538.xml,schema-xml.csv,高雄市_海城段
e_2539.xml,schema-xml.csv,高雄市_中安段
e_2540.xml,schema-xml.csv,高雄市_燕新段
e_2541.xml,schema-xml.csv,高雄市_興龍段
e_2542.xml,schema-xml.csv,高雄市_鳳雄段
e_2543.xml,schema-xml.csv,高雄市_鳳龍段
e_2544.xml,schema-xml.csv,高雄市_中興段
e_2545.xml,schema-xml.csv,高雄市_橫山段
e_2546.xml,schema-xml.csv,高雄市_坑口段
e_2600.xml,schema-xml.csv,高雄市_田寮段
e_2601.xml,schema-xml.csv,高雄市_田寮段一小段
e_2602.xml,schema-xml.csv,高雄市_南安老段
e_2603.xml,schema-xml.csv,高雄市_南安老段一小段
e_2604.xml,schema-xml.csv,高雄市_水蛙潭段
e_2605.xml,schema-xml.csv,高雄市_水蛙潭段一小段
e_2606.xml,schema-xml.csv,高雄市_水蛙潭段二小段
e_2607.xml,schema-xml.csv,高雄市_牛稠埔段
e_2608.xml,schema-xml.csv,高雄市_牛稠埔段一小段
e_2609.xml,schema-xml.csv,高雄市_狗氳氤段
e_2610.xml,schema-xml.csv,高雄市_狗氳氤段一小段
e_2611.xml,schema-xml.csv,高雄市_打鹿埔段
e_2612.xml,schema-xml.csv,高雄市_打鹿埔段一小段
e_2613.xml,schema-xml.csv,高雄市_古亭坑段
e_2614.xml,schema-xml.csv,高雄市_古亭坑段一小段
e_2615.xml,schema-xml.csv,高雄市_大崗山段
e_2616.xml,schema-xml.csv,高雄市_崇西段
e_2700.xml,schema-xml.csv,高雄市_中路段
e_2701.xml,schema-xml.csv,高雄市_中路段一小段
e_2702.xml,schema-xml.csv,高雄市_石案潭段
e_2704.xml,schema-xml.csv,高雄市_崙子頂段
e_2705.xml,schema-xml.csv,高雄市_崙子頂段一小段
e_2706.xml,schema-xml.csv,高雄市_崗山營段
e_2708.xml,schema-xml.csv,高雄市_崗山營段二小段
e_2709.xml,schema-xml.csv,高雄市_土庫段
e_2710.xml,schema-xml.csv,高雄市_土庫段一小段
e_2711.xml,schema-xml.csv,高雄市_阿蓮段
e_2712.xml,schema-xml.csv,高雄市_阿蓮段一小段
e_2713.xml,schema-xml.csv,高雄市_九鬮段
e_2714.xml,schema-xml.csv,高雄市_九鬮段一小段
e_2716.xml,schema-xml.csv,高雄市_北蓮段
e_2717.xml,schema-xml.csv,高雄市_南蓮段
e_2718.xml,schema-xml.csv,高雄市_和蓮段
e_2719.xml,schema-xml.csv,高雄市_青蓮段
e_2720.xml,schema-xml.csv,高雄市_玉庫段
e_2721.xml,schema-xml.csv,高雄市_東蓮段
e_2722.xml,schema-xml.csv,高雄市_崑崙段
e_2723.xml,schema-xml.csv,高雄市_青安段
e_2724.xml,schema-xml.csv,高雄市_德宜段
e_2725.xml,schema-xml.csv,高雄市_復安段
e_2726.xml,schema-xml.csv,高雄市_中軍段
e_2727.xml,schema-xml.csv,高雄市_峰崗段
e_2728.xml,schema-xml.csv,高雄市_福蓮段
e_2729.xml,schema-xml.csv,高雄市_崙港段
e_2730.xml,schema-xml.csv,高雄市_埤仔尾段
e_2731.xml,schema-xml.csv,高雄市_雄峰段
e_2802.xml,schema-xml.csv,高雄市_新園段
e_2803.xml,schema-xml.csv,高雄市_新園段一小段
e_2804.xml,schema-xml.csv,高雄市_新園段二小段
e_2805.xml,schema-xml.csv,高雄市_下坑段
e_2806.xml,schema-xml.csv,高雄市_下坑段一小段
e_2808.xml,schema-xml.csv,高雄市_路竹段
e_2811.xml,schema-xml.csv,高雄市_三爺埤段
e_2812.xml,schema-xml.csv,高雄市_北嶺墘段
e_2816.xml,schema-xml.csv,高雄市_文北段
e_2817.xml,schema-xml.csv,高雄市_文南段
e_2818.xml,schema-xml.csv,高雄市_竹西段
e_2819.xml,schema-xml.csv,高雄市_竹南段
e_2820.xml,schema-xml.csv,高雄市_保安段
e_2822.xml,schema-xml.csv,高雄市_新興段
e_2823.xml,schema-xml.csv,高雄市_社東段
e_2824.xml,schema-xml.csv,高雄市_復興段
e_2825.xml,schema-xml.csv,高雄市_大同段
e_2826.xml,schema-xml.csv,高雄市_社中段
e_2827.xml,schema-xml.csv,高雄市_智仁段
e_2828.xml,schema-xml.csv,高雄市_竹東段
e_2829.xml,schema-xml.csv,高雄市_中興段
e_2830.xml,schema-xml.csv,高雄市_忠孝段
e_2831.xml,schema-xml.csv,高雄市_聖母段
e_2832.xml,schema-xml.csv,高雄市_華山段
e_2833.xml,schema-xml.csv,高雄市_中華段
e_2834.xml,schema-xml.csv,高雄市_華正段
e_2835.xml,schema-xml.csv,高雄市_北嶺段
e_2836.xml,schema-xml.csv,高雄市_新達段
e_2837.xml,schema-xml.csv,高雄市_三爺段
e_2839.xml,schema-xml.csv,高雄市_觀音段
e_2840.xml,schema-xml.csv,高雄市_立德段
e_2841.xml,schema-xml.csv,高雄市_金平段
e_2842.xml,schema-xml.csv,高雄市_東安段
e_2843.xml,schema-xml.csv,高雄市_大仁段
e_2844.xml,schema-xml.csv,高雄市_環球段
e_2845.xml,schema-xml.csv,高雄市_竹園段
e_2846.xml,schema-xml.csv,高雄市_福善段
e_2847.xml,schema-xml.csv,高雄市_頂寮段
e_2848.xml,schema-xml.csv,高雄市_下甲段
e_2849.xml,schema-xml.csv,高雄市_順安段
e_2850.xml,schema-xml.csv,高雄市_營前段
e_2851.xml,schema-xml.csv,高雄市_樹人段
e_2900.xml,schema-xml.csv,高雄市_大湖段
e_2901.xml,schema-xml.csv,高雄市_大湖段一小段
e_2902.xml,schema-xml.csv,高雄市_湖內段
e_2903.xml,schema-xml.csv,高雄市_海埔段
e_2904.xml,schema-xml.csv,高雄市_圍子內段
e_2905.xml,schema-xml.csv,高雄市_圍子內段一小段
e_2906.xml,schema-xml.csv,高雄市_圍子內段二小段
e_2907.xml,schema-xml.csv,高雄市_明宗段
e_2908.xml,schema-xml.csv,高雄市_中山段
e_2910.xml,schema-xml.csv,高雄市_福安段
e_2911.xml,schema-xml.csv,高雄市_武功段
e_2912.xml,schema-xml.csv,高雄市_清水段
e_2913.xml,schema-xml.csv,高雄市_慈濟段
e_2914.xml,schema-xml.csv,高雄市_自強段
e_2915.xml,schema-xml.csv,高雄市_玉湖段
e_2916.xml,schema-xml.csv,高雄市_碧湖段
e_2917.xml,schema-xml.csv,高雄市_普濟段
e_2918.xml,schema-xml.csv,高雄市_寧靖段
e_2919.xml,schema-xml.csv,高雄市_工專段
e_2920.xml,schema-xml.csv,高雄市_長壽段
e_2921.xml,schema-xml.csv,高雄市_民生段
e_2922.xml,schema-xml.csv,高雄市_正義段
e_2923.xml,schema-xml.csv,高雄市_天福段
e_2924.xml,schema-xml.csv,高雄市_劉家段
e_2925.xml,schema-xml.csv,高雄市_海山段
e_2926.xml,schema-xml.csv,高雄市_草仔寮段
e_3001.xml,schema-xml.csv,高雄市_頂茄萣段
e_3003.xml,schema-xml.csv,高雄市_頂茄萣段二小段
e_3004.xml,schema-xml.csv,高雄市_崎漏段
e_3005.xml,schema-xml.csv,高雄市_崎漏段一小段
e_3006.xml,schema-xml.csv,高雄市_白雲段
e_3007.xml,schema-xml.csv,高雄市_福東段
e_3008.xml,schema-xml.csv,高雄市_福西段
e_3009.xml,schema-xml.csv,高雄市_白砂段
e_3010.xml,schema-xml.csv,高雄市_賜福段
e_3011.xml,schema-xml.csv,高雄市_保萣段
e_3012.xml,schema-xml.csv,高雄市_嘉萣段
e_3013.xml,schema-xml.csv,高雄市_雙萣段
e_3014.xml,schema-xml.csv,高雄市_成功段
e_3015.xml,schema-xml.csv,高雄市_正順段
e_3016.xml,schema-xml.csv,高雄市_興達段
e_3100.xml,schema-xml.csv,高雄市_烏樹林段
e_3102.xml,schema-xml.csv,高雄市_竹子港段
e_3107.xml,schema-xml.csv,高雄市_維新段
e_3108.xml,schema-xml.csv,高雄市_文興段
e_3109.xml,schema-xml.csv,高雄市_保安段
e_3110.xml,schema-xml.csv,高雄市_復興段
e_3111.xml,schema-xml.csv,高雄市_保寧段
e_3112.xml,schema-xml.csv,高雄市_保興段
e_3113.xml,schema-xml.csv,高雄市_新港段
e_3114.xml,schema-xml.csv,高雄市_新厝段
e_3115.xml,schema-xml.csv,高雄市_永華段
e_3204.xml,schema-xml.csv,高雄市_彌港段
e_3205.xml,schema-xml.csv,高雄市_安港段
e_3206.xml,schema-xml.csv,高雄市_港段
e_3207.xml,schema-xml.csv,高雄市_港口段
e_3208.xml,schema-xml.csv,高雄市_仁壽段
e_3209.xml,schema-xml.csv,高雄市_靖和段
e_3210.xml,schema-xml.csv,高雄市_四村段
e_3211.xml,schema-xml.csv,高雄市_山頂段
e_3212.xml,schema-xml.csv,高雄市_彌海段
e_3213.xml,schema-xml.csv,高雄市_南庄段
e_3300.xml,schema-xml.csv,高雄市_梓官段
e_3302.xml,schema-xml.csv,高雄市_茄苳坑段
e_3304.xml,schema-xml.csv,高雄市_頂蚵子寮段
e_3305.xml,schema-xml.csv,高雄市_梓信段
e_3306.xml,schema-xml.csv,高雄市_中崙段
e_3307.xml,schema-xml.csv,高雄市_梓平段
e_3308.xml,schema-xml.csv,高雄市_公館段
e_3309.xml,schema-xml.csv,高雄市_梓中段
e_3310.xml,schema-xml.csv,高雄市_梓和段
e_3311.xml,schema-xml.csv,高雄市_梓義段
e_3312.xml,schema-xml.csv,高雄市_新甲段
e_3313.xml,schema-xml.csv,高雄市_新興段
e_3314.xml,schema-xml.csv,高雄市_赤崁新段
e_3315.xml,schema-xml.csv,高雄市_赤東段
e_3316.xml,schema-xml.csv,高雄市_赤慈段
e_3317.xml,schema-xml.csv,高雄市_蚵寮段
e_3318.xml,schema-xml.csv,高雄市_同安段
e_3319.xml,schema-xml.csv,高雄市_大舍段
e_3320.xml,schema-xml.csv,高雄市_茄苳段
e_3321.xml,schema-xml.csv,高雄市_典寶段
e_3322.xml,schema-xml.csv,高雄市_頂蚵子寮段一小段
e_3323.xml,schema-xml.csv,高雄市_頂蚵子寮段二小段
e_3400.xml,schema-xml.csv,高雄市_旗山段
e_3401.xml,schema-xml.csv,高雄市_旗山段一小段
e_3402.xml,schema-xml.csv,高雄市_旗山段二小段
e_3403.xml,schema-xml.csv,高雄市_北勢段
e_3404.xml,schema-xml.csv,高雄市_圓潭子段
e_3405.xml,schema-xml.csv,高雄市_圓潭子段一小段
e_3406.xml,schema-xml.csv,高雄市_圓潭子段二小段
e_3407.xml,schema-xml.csv,高雄市_圓潭子段三小段
e_3409.xml,schema-xml.csv,高雄市_碡坑段
e_3410.xml,schema-xml.csv,高雄市_碡坑段一小段
e_3411.xml,schema-xml.csv,高雄市_碡坑段二小段
e_3412.xml,schema-xml.csv,高雄市_碡坑段三小段
e_3413.xml,schema-xml.csv,高雄市_旗尾段
e_3414.xml,schema-xml.csv,高雄市_旗尾段一小段
e_3415.xml,schema-xml.csv,高雄市_旗尾段二小段
e_3416.xml,schema-xml.csv,高雄市_旗尾段三小段
e_3417.xml,schema-xml.csv,高雄市_手巾寮段
e_3418.xml,schema-xml.csv,高雄市_中華段
e_3419.xml,schema-xml.csv,高雄市_大德段
e_3420.xml,schema-xml.csv,高雄市_旗南段
e_3421.xml,schema-xml.csv,高雄市_太平段
e_3422.xml,schema-xml.csv,高雄市_永和段
e_3423.xml,schema-xml.csv,高雄市_旗文段
e_3424.xml,schema-xml.csv,高雄市_竹峰段
e_3425.xml,schema-xml.csv,高雄市_頭林段
e_3426.xml,schema-xml.csv,高雄市_廣福段
e_3427.xml,schema-xml.csv,高雄市_十八份段
e_3428.xml,schema-xml.csv,高雄市_半段
e_3429.xml,schema-xml.csv,高雄市_東昌段
e_3430.xml,schema-xml.csv,高雄市_北溪洲段
e_3431.xml,schema-xml.csv,高雄市_中溪洲段
e_3432.xml,schema-xml.csv,高雄市_南溪洲段
e_3433.xml,schema-xml.csv,高雄市_東平段
e_3434.xml,schema-xml.csv,高雄市_大山段
e_3435.xml,schema-xml.csv,高雄市_大洲段
e_3436.xml,schema-xml.csv,高雄市_三和段
e_3437.xml,schema-xml.csv,高雄市_廣溪段
e_3438.xml,schema-xml.csv,高雄市_匏仔湖段
e_3439.xml,schema-xml.csv,高雄市_圓富段
e_3440.xml,schema-xml.csv,高雄市_富興段
e_3441.xml,schema-xml.csv,高雄市_中正段
e_3442.xml,schema-xml.csv,高雄市_花旗段
e_3444.xml,schema-xml.csv,高雄市_大林段
e_3445.xml,schema-xml.csv,高雄市_新光段
e_3446.xml,schema-xml.csv,高雄市_尚和段
e_3447.xml,schema-xml.csv,高雄市_欉仔坑段
e_3448.xml,schema-xml.csv,高雄市_得湖段
e_3449.xml,schema-xml.csv,高雄市_嶺口段
e_3450.xml,schema-xml.csv,高雄市_秋涼山段
e_3451.xml,schema-xml.csv,高雄市_鼓山段
e_3452.xml,schema-xml.csv,高雄市_旗甲段
e_3453.xml,schema-xml.csv,高雄市_新大林段
e_3454.xml,schema-xml.csv,高雄市_圓潭段
e_3500.xml,schema-xml.csv,高雄市_美濃段
e_3501.xml,schema-xml.csv,高雄市_美濃段一小段
e_3502.xml,schema-xml.csv,高雄市_美濃段二小段
e_3503.xml,schema-xml.csv,高雄市_美濃段三小段
e_3504.xml,schema-xml.csv,高雄市_中壇段
e_3505.xml,schema-xml.csv,高雄市_中壇段一小段
e_3506.xml,schema-xml.csv,高雄市_中壇段二小段
e_3507.xml,schema-xml.csv,高雄市_金瓜寮段
e_3508.xml,schema-xml.csv,高雄市_金瓜寮段一小段
e_3509.xml,schema-xml.csv,高雄市_吉洋段
e_3510.xml,schema-xml.csv,高雄市_龍肚段
e_3511.xml,schema-xml.csv,高雄市_龍肚段一小段
e_3512.xml,schema-xml.csv,高雄市_龍肚段二小段
e_3513.xml,schema-xml.csv,高雄市_龍肚段三小段
e_3514.xml,schema-xml.csv,高雄市_竹頭角段
e_3515.xml,schema-xml.csv,高雄市_竹頭角段一小段
e_3516.xml,schema-xml.csv,高雄市_竹頭角段二小段
e_3517.xml,schema-xml.csv,高雄市_竹頭角段三小段
e_3518.xml,schema-xml.csv,高雄市_竹頭角段四小段
e_3519.xml,schema-xml.csv,高雄市_中興段
e_3520.xml,schema-xml.csv,高雄市_德興段
e_3521.xml,schema-xml.csv,高雄市_龍中段
e_3522.xml,schema-xml.csv,高雄市_吉東段
e_3523.xml,schema-xml.csv,高雄市_清水段
e_3524.xml,schema-xml.csv,高雄市_龍東段
e_3525.xml,schema-xml.csv,高雄市_中圳段
e_3526.xml,schema-xml.csv,高雄市_雙峰段
e_3527.xml,schema-xml.csv,高雄市_泰安段
e_3528.xml,schema-xml.csv,高雄市_東門段
e_3529.xml,schema-xml.csv,高雄市_合和段
e_3530.xml,schema-xml.csv,高雄市_美中段
e_3531.xml,schema-xml.csv,高雄市_美光段
e_3532.xml,schema-xml.csv,高雄市_永平段
e_3533.xml,schema-xml.csv,高雄市_瀰濃段
e_3534.xml,schema-xml.csv,高雄市_崇雲段
e_3535.xml,schema-xml.csv,高雄市_福美段
e_3536.xml,schema-xml.csv,高雄市_福安段
e_3537.xml,schema-xml.csv,高雄市_龜山段
e_3538.xml,schema-xml.csv,高雄市_泰中段
e_3539.xml,schema-xml.csv,高雄市_成功段
e_3540.xml,schema-xml.csv,高雄市_吉安段
e_3541.xml,schema-xml.csv,高雄市_吉和段
e_3542.xml,schema-xml.csv,高雄市_新吉洋段
e_3543.xml,schema-xml.csv,高雄市_新龍肚段
e_3544.xml,schema-xml.csv,高雄市_靈光段
e_3545.xml,schema-xml.csv,高雄市_尖山段
e_3546.xml,schema-xml.csv,高雄市_黃蝶段
e_3547.xml,schema-xml.csv,高雄市_雙溪段
e_3548.xml,schema-xml.csv,高雄市_茶頂段
e_3549.xml,schema-xml.csv,高雄市_吉頂段
e_3550.xml,schema-xml.csv,高雄市_東合段
e_3551.xml,schema-xml.csv,高雄市_廣林段
e_3552.xml,schema-xml.csv,高雄市_廣興段
e_3600.xml,schema-xml.csv,高雄市_六龜段
e_3601.xml,schema-xml.csv,高雄市_六龜段一小段
e_3602.xml,schema-xml.csv,高雄市_土灣段
e_3604.xml,schema-xml.csv,高雄市_新威段
e_3605.xml,schema-xml.csv,高雄市_新威段一小段
e_3607.xml,schema-xml.csv,高雄市_荖濃段
e_3608.xml,schema-xml.csv,高雄市_荖濃段一小段
e_3609.xml,schema-xml.csv,高雄市_荖濃段二小段
e_3610.xml,schema-xml.csv,高雄市_龍興段
e_3611.xml,schema-xml.csv,高雄市_義寶段
e_3612.xml,schema-xml.csv,高雄市_文武段
e_3613.xml,schema-xml.csv,高雄市_不老段
e_3614.xml,schema-xml.csv,高雄市_寶來段
e_3615.xml,schema-xml.csv,高雄市_新發段
e_3616.xml,schema-xml.csv,高雄市_邦復段
e_3617.xml,schema-xml.csv,高雄市_和平段
e_3618.xml,schema-xml.csv,高雄市_寶美段
e_3619.xml,schema-xml.csv,高雄市_美崙段
e_3620.xml,schema-xml.csv,高雄市_花段
e_3621.xml,schema-xml.csv,高雄市_葫蘆谷段
e_3622.xml,schema-xml.csv,高雄市_津鳳段
e_3623.xml,schema-xml.csv,高雄市_合興段
e_3624.xml,schema-xml.csv,高雄市_九華段
e_3625.xml,schema-xml.csv,高雄市_彩蝶段
e_3626.xml,schema-xml.csv,高雄市_羅漢段
e_3627.xml,schema-xml.csv,高雄市_長生段
e_3628.xml,schema-xml.csv,高雄市_水冬瓜段
e_3629.xml,schema-xml.csv,高雄市_中庄段
e_3630.xml,schema-xml.csv,高雄市_新寮段
e_3631.xml,schema-xml.csv,高雄市_新民庄段
e_3632.xml,schema-xml.csv,高雄市_埔仔厝段
e_3633.xml,schema-xml.csv,高雄市_羅漢山段
e_3634.xml,schema-xml.csv,高雄市_仙人圳段
e_3635.xml,schema-xml.csv,高雄市_仙人段
e_3636.xml,schema-xml.csv,高雄市_紫蝶段
e_3637.xml,schema-xml.csv,高雄市_津興段
e_3700.xml,schema-xml.csv,高雄市_東阿里關段
e_3701.xml,schema-xml.csv,高雄市_東阿里關段一小段
e_3702.xml,schema-xml.csv,高雄市_東大邱園段
e_3703.xml,schema-xml.csv,高雄市_東大邱園段一小段
e_3704.xml,schema-xml.csv,高雄市_甲仙段
e_3705.xml,schema-xml.csv,高雄市_公館段
e_3706.xml,schema-xml.csv,高雄市_出火段
e_3707.xml,schema-xml.csv,高雄市_大竹段
e_3708.xml,schema-xml.csv,高雄市_獻肚段
e_3709.xml,schema-xml.csv,高雄市_班芝埔段
e_3710.xml,schema-xml.csv,高雄市_油礦段
e_3711.xml,schema-xml.csv,高雄市_中園段
e_3712.xml,schema-xml.csv,高雄市_四德段
e_3800.xml,schema-xml.csv,高雄市_杉林段
e_3801.xml,schema-xml.csv,高雄市_杉林段一小段
e_3802.xml,schema-xml.csv,高雄市_茄苳湖段
e_3803.xml,schema-xml.csv,高雄市_茄苳湖段一小段
e_3804.xml,schema-xml.csv,高雄市_十張段
e_3805.xml,schema-xml.csv,高雄市_十張段一小段
e_3806.xml,schema-xml.csv,高雄市_十張段二小段
e_3807.xml,schema-xml.csv,高雄市_新庄段
e_3808.xml,schema-xml.csv,高雄市_新庄段一小段
e_3809.xml,schema-xml.csv,高雄市_新庄段二小段
e_3810.xml,schema-xml.csv,高雄市_月眉段
e_3811.xml,schema-xml.csv,高雄市_月眉段一小段
e_3812.xml,schema-xml.csv,高雄市_月眉段二小段
e_3813.xml,schema-xml.csv,高雄市_月眉段三小段
e_3814.xml,schema-xml.csv,高雄市_井角段
e_3815.xml,schema-xml.csv,高雄市_上平段
e_3816.xml,schema-xml.csv,高雄市_月美段
e_3817.xml,schema-xml.csv,高雄市_月光山段
e_3818.xml,schema-xml.csv,高雄市_楠梓仙段
e_3819.xml,schema-xml.csv,高雄市_雙坑段
e_3820.xml,schema-xml.csv,高雄市_大坑段
e_3821.xml,schema-xml.csv,高雄市_內寮段
e_3822.xml,schema-xml.csv,高雄市_司馬段
e_3823.xml,schema-xml.csv,高雄市_份尾段
e_3900.xml,schema-xml.csv,高雄市_溝坪段
e_3901.xml,schema-xml.csv,高雄市_溝坪段一小段
e_3902.xml,schema-xml.csv,高雄市_萊子坑段
e_3903.xml,schema-xml.csv,高雄市_萊子坑段一小段
e_3904.xml,schema-xml.csv,高雄市_萊子坑段二小段
e_3905.xml,schema-xml.csv,高雄市_萊子坑段三小段
e_3907.xml,schema-xml.csv,高雄市_中埔段
e_3908.xml,schema-xml.csv,高雄市_帛寮段
e_3910.xml,schema-xml.csv,高雄市_內埔段
e_3911.xml,schema-xml.csv,高雄市_東勢埔段
e_3912.xml,schema-xml.csv,高雄市_木柵段
e_3913.xml,schema-xml.csv,高雄市_紫竹段
e_3914.xml,schema-xml.csv,高雄市_菜公坑段
e_3915.xml,schema-xml.csv,高雄市_內豐段
e_3916.xml,schema-xml.csv,高雄市_光興段
e_3917.xml,schema-xml.csv,高雄市_烏山段
e_3918.xml,schema-xml.csv,高雄市_永吉段
e_3919.xml,schema-xml.csv,高雄市_永富段
e_3920.xml,schema-xml.csv,高雄市_大埔段
e_3921.xml,schema-xml.csv,高雄市_頂寮段
e_3922.xml,schema-xml.csv,高雄市_中新段
e_3923.xml,schema-xml.csv,高雄市_橫山段
e_3924.xml,schema-xml.csv,高雄市_竹坑段
e_3925.xml,schema-xml.csv,高雄市_虎頭山段
e_3926.xml,schema-xml.csv,高雄市_觀亭段
e_3927.xml,schema-xml.csv,高雄市_將軍段
e_4000.xml,schema-xml.csv,高雄市_茂林段
e_4002.xml,schema-xml.csv,高雄市_多納段
e_4004.xml,schema-xml.csv,高雄市_達魯伴段
e_4005.xml,schema-xml.csv,高雄市_老納段
e_4006.xml,schema-xml.csv,高雄市_達魯巴令段
e_4007.xml,schema-xml.csv,高雄市_沙古吾段
e_4008.xml,schema-xml.csv,高雄市_沙古拉段
e_4009.xml,schema-xml.csv,高雄市_達克車段
e_4010.xml,schema-xml.csv,高雄市_卡布諾幹段
e_4011.xml,schema-xml.csv,高雄市_達戶段
e_4019.xml,schema-xml.csv,高雄市_得波那段
e_4100.xml,schema-xml.csv,高雄市_天池段
e_4101.xml,schema-xml.csv,高雄市_檜谷段
e_4102.xml,schema-xml.csv,高雄市_禮觀段
e_4103.xml,schema-xml.csv,高雄市_梅山段
e_4104.xml,schema-xml.csv,高雄市_梅山段一小段
e_4105.xml,schema-xml.csv,高雄市_樟山段
e_4106.xml,schema-xml.csv,高雄市_樟山段一小段
e_4107.xml,schema-xml.csv,高雄市_復興段
e_4108.xml,schema-xml.csv,高雄市_梅蘭段
e_4109.xml,schema-xml.csv,高雄市_勤和段
e_4110.xml,schema-xml.csv,高雄市_桃源段
e_4111.xml,schema-xml.csv,高雄市_舊社段
e_4112.xml,schema-xml.csv,高雄市_高中段
e_4115.xml,schema-xml.csv,高雄市_藤枝段一小段
e_4118.xml,schema-xml.csv,高雄市_樂樂段
e_4120.xml,schema-xml.csv,高雄市_拉庫段
e_4121.xml,schema-xml.csv,高雄市_多尾段
e_4122.xml,schema-xml.csv,高雄市_六溪段
e_4123.xml,schema-xml.csv,高雄市_拉夫段
e_4124.xml,schema-xml.csv,高雄市_八溪段
e_4125.xml,schema-xml.csv,高雄市_九溪段
e_4126.xml,schema-xml.csv,高雄市_楠溪段
e_4127.xml,schema-xml.csv,高雄市_玉南段
e_4128.xml,schema-xml.csv,高雄市_東丸段
e_4129.xml,schema-xml.csv,高雄市_南面段
e_4130.xml,schema-xml.csv,高雄市_玉德段
e_4131.xml,schema-xml.csv,高雄市_雲峰段
e_4132.xml,schema-xml.csv,高雄市_南雙段
e_4133.xml,schema-xml.csv,高雄市_三叉段
e_4134.xml,schema-xml.csv,高雄市_來山段
e_4135.xml,schema-xml.csv,高雄市_玉東段
e_4136.xml,schema-xml.csv,高雄市_馬江段
e_4137.xml,schema-xml.csv,高雄市_安東段
e_4138.xml,schema-xml.csv,高雄市_鹿山段
e_4139.xml,schema-xml.csv,高雄市_呼頌段
e_4140.xml,schema-xml.csv,高雄市_阿朗段
e_4141.xml,schema-xml.csv,高雄市_烏瑪斯段
e_4142.xml,schema-xml.csv,高雄市_哈力路段
e_4143.xml,schema-xml.csv,高雄市_阿莉絲段
e_4144.xml,schema-xml.csv,高雄市_達亥段
e_4145.xml,schema-xml.csv,高雄市_比沙路段
e_4146.xml,schema-xml.csv,高雄市_巴拉戶段
e_4147.xml,schema-xml.csv,高雄市_伊比段
e_4148.xml,schema-xml.csv,高雄市_阿莉段
e_4149.xml,schema-xml.csv,高雄市_勞翁段
e_4150.xml,schema-xml.csv,高雄市_阿姆樂段
e_4151.xml,schema-xml.csv,高雄市_妮姆段
e_4152.xml,schema-xml.csv,高雄市_媽訝段
e_4153.xml,schema-xml.csv,高雄市_達妮芙段
e_4154.xml,schema-xml.csv,高雄市_阿併段
e_4155.xml,schema-xml.csv,高雄市_烏力段
e_4156.xml,schema-xml.csv,高雄市_伊斯坦大段
e_4157.xml,schema-xml.csv,高雄市_基伴段
e_4158.xml,schema-xml.csv,高雄市_莎妮段
e_4159.xml,schema-xml.csv,高雄市_達卡鬧段
e_4160.xml,schema-xml.csv,高雄市_拉瑪達段
e_4161.xml,schema-xml.csv,高雄市_慕拉絲段
e_4162.xml,schema-xml.csv,高雄市_阿力曼段
e_4163.xml,schema-xml.csv,高雄市_布妮段
e_4164.xml,schema-xml.csv,高雄市_書帕利段
e_4166.xml,schema-xml.csv,高雄市_巴力段
e_4167.xml,schema-xml.csv,高雄市_伊斯里斷段
e_4169.xml,schema-xml.csv,高雄市_馬舒嘩段
e_4170.xml,schema-xml.csv,高雄市_塔拉葛渣泥段
e_4171.xml,schema-xml.csv,高雄市_埋阿打啊呼段
e_4172.xml,schema-xml.csv,高雄市_米珠歌伊段
e_4173.xml,schema-xml.csv,高雄市_瑪蘇希嚕段
e_4174.xml,schema-xml.csv,高雄市_嘎那唔段
e_4175.xml,schema-xml.csv,高雄市_布那斯段
e_4176.xml,schema-xml.csv,高雄市_達唔古拉段
e_4177.xml,schema-xml.csv,高雄市_撒拉望段
e_4178.xml,schema-xml.csv,高雄市_巴里杜布段
e_4179.xml,schema-xml.csv,高雄市_瑪拉斯段
e_4180.xml,schema-xml.csv,高雄市_點當安段
e_4300.xml,schema-xml.csv,高雄市_南沙魯段
e_4301.xml,schema-xml.csv,高雄市_瑪雅段
e_4302.xml,schema-xml.csv,高雄市_達卡努瓦段
e_4303.xml,schema-xml.csv,高雄市_吉墨樂段
e_4304.xml,schema-xml.csv,高雄市_瀰富羅段
e_4305.xml,schema-xml.csv,高雄市_瀰富羅段一小段
e_4306.xml,schema-xml.csv,高雄市_瀰漓扎實段
e_4307.xml,schema-xml.csv,高雄市_托亞奇伊段
e_4308.xml,schema-xml.csv,高雄市_達梧芒段
e_4309.xml,schema-xml.csv,高雄市_可包娃段
e_4310.xml,schema-xml.csv,高雄市_得樂富絲段
e_4311.xml,schema-xml.csv,高雄市_達那烏茲段
e_4312.xml,schema-xml.csv,高雄市_瀰瀰漓段
e_4313.xml,schema-xml.csv,高雄市_阿里外段
e_4314.xml,schema-xml.csv,高雄市_拉祖魯鞥段
e_4315.xml,schema-xml.csv,高雄市_吧杜地巴利段
e_4316.xml,schema-xml.csv,高雄市_昂娃那段
e_4317.xml,schema-xml.csv,高雄市_那都魯薩段
e_4318.xml,schema-xml.csv,高雄市_扎棧達威吉段
e_4319.xml,schema-xml.csv,高雄市_達魯粽段
e_4320.xml,schema-xml.csv,高雄市_卡那富段
e_4321.xml,schema-xml.csv,高雄市_那布妮亞段
